state_Name,city_name,the_Avg_2018,the_Avg_2022,percentChange
AK,Juneau,358991.67,466244.44,29.87611662
AK,Ketchikan,303120.83,407875,34.55855211
AK,Fairbanks,233600,309260,32.38869863
AK,Anchorage,283937.42,370325,30.42486616
AL,Albertville,187791.67,283900,51.17816461
AL,Cullman,210650,292822,39.00878234
AL,Selma,94704.17,90375,-4.571255944
AL,Troy,150904.17,193035,27.91893027
AL,Dothan,155658.33,214365,37.71508406
AL,Daphne,330183.33,468825,41.98930031
AL,Tuscaloosa,195793.75,263203,34.42870367
AL,Talladega,166850,199460,19.54450105
AL,Huntsville,242493.5,345538.3,42.49384004
AL,Florence,176029.17,205900,16.96925004
AL,Auburn,272147.58,340739,25.20375893
AL,Scottsboro,183279.17,260446.6,42.10376444
AL,Anniston,126820.83,190125,49.91622433
AL,Ozark,122640.83,156950,27.97532437
AL,Gadsden,154237.5,210899,36.73652646
AL,Mobile,160575,212321,32.22543983
AL,Montgomery,181187.92,195097.5,7.676880445
AL,Decatur,178786.5,253850,41.98499327
AL,Enterprise,174379.5,223985,28.44686445
AL,Birmingham,218247.75,266680,22.19140862
AR,Arkadelphia,130965.67,157290.11,20.10025986
AR,Camden,95375,144780,51.80078637
AR,Fayetteville,258531.17,364840,41.12031443
AR,Forrest City,94850,116110,22.41433843
AR,Fort Smith,150918.75,214629.8,42.21546362
AR,Jonesboro,175279.17,219719,25.35374283
AR,Magnolia,156495.83,197120,25.95862778
AR,Mountain Home,168850,218275,29.27154279
AR,Searcy,146029.17,176490,20.8594146
AR,Blytheville,103195.83,119045,15.35834345
AR,Russellville,155500,195730,25.87138264
AR,Batesville,154887.5,162060,4.630780405
AR,Paragould,151362.5,188895,24.79643241
AR,Little Rock,185550,233774.9,25.99024522
AR,Pine Bluff,107279.17,145405,35.53889352
AR,Hot Springs,208033.33,292780,40.73706362
AR,Harrison,149464.58,281230,88.15829142
AR,El Dorado,133637.5,181275,35.64680572
AR,Malvern,146228.58,196090,34.09827272
AZ,Flagstaff,440962.33,676555,53.42693785
AZ,Payson,306537.5,443859.9,44.79791216
AZ,Phoenix,321666.67,490482.3,52.48154246
AZ,Prescott Valley,383233.33,562500,46.77742147
AZ,Safford,180106.67,293285,62.83961055
AZ,Show Low,269045.83,396010,47.19053627
AZ,Tucson,250833.33,362294.9,44.4365069
AZ,Lake Havasu City,246795.83,319524.5,29.46916486
AZ,Nogales,279695.83,380125,35.90656679
AZ,Sierra Vista,179641.67,273380,52.18072733
AZ,Yuma,190129.17,292780,53.99004792
CA,Clearlake,315712.5,400300,26.79257236
CA,El Centro,237370.83,320084.4,34.84571798
CA,Eureka,390283.33,483850,23.97403702
CA,Fresno,302300.42,415423.4,37.42071546
CA,Los Angeles,731816.67,925439.8,26.45787366
CA,Madera,309060.42,462379.9,49.60825459
CA,Modesto,340570.83,475984.3,39.76073641
CA,Napa,829560.42,1164449.3,40.36943807
CA,Oxnard,684850.75,861389.5,25.77769682
CA,Riverside,385756.58,565600,46.62095978
CA,Sacramento,440637.42,600821.6,36.35283177
CA,Salinas,838450,897850,7.084501163
CA,San Diego,658599.17,858090,30.29017331
CA,San Francisco,890203.67,1033200,16.0633274
CA,San Jose,1131753.67,1381644.3,22.07994872
CA,San Luis Obispo,695012.5,906445,30.4213953
CA,Santa Cruz,895208.33,1240438.8,38.56426023
CA,Santa Maria,1004208.33,961195,-4.283307429
CA,Santa Rosa,706385.33,859595,21.68924856
CA,Sonora,331149.17,478700,44.55720967
CA,Stockton,376750,572900,52.06370272
CA,Susanville,212152.83,358975,69.20585033
CA,Truckee,515083.33,689097.5,33.78369283
CA,Ukiah,574162.92,615700,7.234371735
CA,Vallejo,455772.58,595312,30.61601907
CA,Yuba City,306837.5,455899,48.57994867
CA,Chico,305737.5,433981.3,41.94572141
CA,Visalia,257662.08,370905,43.95016915
CA,Bakersfield,257633.33,367814.5,42.76665989
CA,Hanford,254982.92,342595,34.35997988
CA,Red Bluff,273150,387810,41.97693575
CA,Crescent City,295187.5,444790,50.68049968
CA,Merced,295448.33,430189.7,45.60573079
CA,Redding,301604.17,420920,39.56040462
CO,Boulder,623092.5,813156.9,30.50340038
CO,Breckenridge,780204.17,1257100,61.1244913
CO,Ca-Â¦on City,272216.67,397769.9,46.12253541
CO,Colorado Springs,339075,473849.5,39.74769594
CO,Denver,455697.08,620099.7,36.07717214
CO,Durango,525150,602119.8,14.65672665
CO,Edwards,1245825,1192550,-4.276282785
CO,Fort Collins,423376.92,573010,35.34275794
CO,Glenwood Springs,817245.83,899990,10.12475891
CO,Grand Junction,281033.33,432844.5,54.0189201
CO,Greeley,358154.75,500596.2,39.77092304
CO,Montrose,347633.33,686540,97.4896941
CO,Pueblo,226437.5,337375,48.99254761
CO,Steamboat Springs,735791.67,1258850,71.08782979
CO,Sterling,182595.83,222817.2,22.02754028
CO,Fort Morgan,278990,357235,28.04580809
CO,Craig,193112.5,342920,77.57524759
CT,Bridgeport,650903.92,625910,-3.839878549
CT,Torrington,327616.67,400225,22.16258715
CT,New Haven,262987.5,310485,18.06074433
CT,Norwich,272420.83,314214.9,15.34173066
CT,Hartford,260916.67,306280,17.38613711
DC,Washington,421375,511729.9,21.44287155
DE,Dover,230157.5,318700,38.47039527
FL,Crestview,399970.83,577755,44.44928396
FL,Key West,734574.92,1152100,56.83900561
FL,Miami,368691.67,515790,39.89738363
FL,Naples,429108.33,704085,64.08094432
FL,Okeechobee,189769.75,316675,66.87327669
FL,North Port,336289.5,517685,53.94028062
FL,Deltona,257295.83,371659,44.44812417
FL,Panama City,282497.83,420060,48.6949475
FL,Pensacola,243240.83,325372.5,33.7655771
FL,Wauchula,189800,310700,63.69863014
FL,Palm Bay,259219.58,371272,43.22683495
FL,The Villages,257870.58,428177.5,66.0435634
FL,Lake City,197091.67,286425,45.32577658
FL,Gainesville,237008.17,309583,30.62123555
FL,Arcadia,231933.33,347360.5,49.76739221
FL,Orlando,283579.17,408500,44.05148305
FL,Cape Coral,281750,176974.88,-37.18726531
FL,Homosassa Springs,207179.17,296615,43.16835037
FL,Sebastian,324408.33,390497.5,20.37221732
FL,Tampa,248120.58,396025,59.60989612
FL,Sebring,165878.67,254670,53.52787673
FL,Jacksonville,275175,376864,36.95430181
FL,Port St. Lucie,267949,417540,55.82816133
FL,Punta Gorda,254129.17,295160,16.14565931
FL,Palatka,190833.17,233255,22.22979894
FL,Lakeland,213208.33,342149.9,60.47679751
FL,Clewiston,186975,49774,-73.37932879
FL,Ocala,198350,305780,54.16183514
FL,Tallahassee,209467.33,286439.9,36.74681393
GA,Athens,269742.42,337569.5,25.14512919
GA,Atlanta,287141.58,373840,30.1936139
GA,Augusta,212608.17,255295,20.07769974
GA,Brunswick,346662.08,347730,0.308057922
GA,Cedartown,153235.42,249080,62.5472753
GA,Cornelia,274838.92,278660,1.390297997
GA,Dublin,150254.17,191085,27.17450704
GA,Fitzgerald,100183.25,164580,64.27895881
GA,Milledgeville,191191.67,318485,66.57891005
GA,Moultrie,161695.83,258915,60.12472307
GA,Statesboro,157325,241729.8,53.64996027
GA,Thomaston,125400,197600,57.57575758
GA,Valdosta,162030.42,237020,46.28117362
GA,Gainesville,337762.5,373845,10.68280226
GA,Douglas,133558.33,239543,79.35459361
GA,Bainbridge,165762.5,236725,42.80974285
GA,Tifton,156604.17,236045,50.72714858
GA,Warner Robins,166941.67,220108,31.8472494
GA,Albany,130383.25,164495,26.1626781
GA,Thomasville,201348.33,236235,17.32652563
GA,Jefferson,271208.33,389110,43.47273183
GA,Waycross,136043.75,199585,46.70648229
GA,Cordele,221216.5,205140,-7.267315051
GA,St. Marys,224466.67,244272.5,8.823505957
GA,Columbus,164145.83,187520,14.23988048
GA,Rome,174328.67,225202.9,29.18293933
GA,Americus,128083.33,157890,23.27131095
GA,Summerville,125544.5,195890,56.0323232
GA,Jesup,138658.33,240195,73.22796258
GA,Vidalia,150037.5,231295,54.15812713
GA,Hinesville,160037.42,236894.5,48.02444328
GA,Dalton,164962.5,259245,57.15389861
GA,Macon,152715.83,139892.5,-8.396857091
GA,Savannah,265845.83,342185,28.71557925
GA,Calhoun,190408.33,257345,35.15427608
GA,Toccoa,213928.42,209450,-2.093419846
GA,LaGrange,147439.58,201580,36.72041117
HI,Hilo,474870.33,553040,16.46126638
HI,Kahului,808708.33,1232650,52.42207286
HI,Kapaa,891176.58,1248550,40.10130293
HI,Urban Honolulu,643141.67,748480,16.37871326
IA,Ames,227512.42,239914.8,5.451297999
IA,Burlington,121054.17,131745,8.831442981
IA,Sioux City,188049.58,234747.5,24.83277017
IA,Spirit Lake,294937.5,361870,22.69379106
IA,Fairfield,145195.83,165125,13.72571788
IA,Dubuque,217779.17,227925,4.658769707
IA,Fort Madison,106483.33,124885,17.28126835
IA,Ottumwa,104320.83,138155,32.43280369
IA,Des Moines,259919.67,263780,1.485201178
IA,Oskaloosa,127017.17,167190,31.62787362
IA,Storm Lake,137147.92,168845,23.11160096
IA,Cedar Rapids,193020.83,190715,-1.19460164
IA,Clinton,97941.67,125833.33,28.47782767
IA,Marshalltown,118566.67,134900,13.77565044
IA,Muscatine,161258.33,165985,2.931116799
IA,Spencer,149641.67,172785,15.46583248
IA,Mason City,142376.25,156075,9.62151342
IA,Davenport,146262.5,150110,2.630544398
IA,Iowa City,274950,266445,-3.093289689
IA,Waterloo,148141.67,174840,18.02216081
ID,Blackfoot,198016.67,416250,110.2095748
ID,Coeur d'Alene,368333.33,649289.9,76.2778025
ID,Hailey,764708.33,868385,13.55767499
ID,Mountain Home,193166.25,351324.9,81.87695832
ID,Pocatello,203791.67,361630,77.45082515
ID,Rexburg,277343.08,505925,82.41846885
ID,Sandpoint,400833.33,745290,85.93513668
ID,Idaho Falls,243562.5,451400,85.3323069
ID,Boise City,319786.08,549070,71.69915589
ID,Lewiston,247091.67,379871.5,53.73707256
ID,Twin Falls,244199.58,397430,62.74802766
ID,Burley,195050,347640,78.23122276
ID,Moscow,265808.33,463466.67,74.36122863
IL,Carbondale,134512.5,111995,-16.74007992
IL,Champaign,151033.33,171975,13.8655951
IL,Charleston,93129.17,115610,24.13940766
IL,Chicago,291579.17,312209.8,7.075481421
IL,Danville,79670,104750,31.4798544
IL,Decatur,108258.33,121545,12.27311561
IL,Dixon,122300,144516.56,18.16562551
IL,Freeport,94872.92,131925,39.05443197
IL,Galesburg,104054.17,103375,-0.652708104
IL,Macomb,94329.17,67505,-28.43677094
IL,Quincy,135274.92,151345,11.87957088
IL,Rockford,137720.83,164855,19.70229921
IL,Springfield,148795.83,144360,-2.981152093
IL,Sterling,95025,126295,32.9071297
IL,Taylorville,91429.17,101280,10.77427477
IL,Lincoln,106116.67,114565,7.961359888
IL,Pontiac,98358.33,133975,36.21113738
IL,Centralia,104562.5,118735,13.55409444
IL,Jacksonville,117758.33,113420,-3.684096064
IL,Effingham,178183.33,145815,-18.16574536
IL,Mount Vernon,123858.33,123150,-0.571887252
IL,Rochelle,163233.33,189355,16.00265706
IL,Kankakee,143795.83,160905,11.89823794
IL,Bloomington,166550,188975,13.4644251
IL,Ottawa,124820.83,149254.9,19.57531447
IL,Peoria,132716.67,132340,-0.283815138
IN,Connersville,78712.5,137980,75.29617278
IN,Crawfordsville,127058.33,178530,40.510268
IN,Fort Wayne,173820.92,214215,23.23890588
IN,Greensburg,141066.67,190410,34.97873027
IN,Huntington,111481,162305,45.58983145
IN,Jasper,188261.17,199700,6.07604319
IN,Logansport,86550,138729.5,60.28827267
IN,Marion,76912.5,96505,25.47375264
IN,Muncie,88512.42,132105.56,49.25087349
IN,North Vernon,119737.5,194690,62.59734837
IN,Peru,87425,130255,48.99056334
IN,Richmond,94604.17,128965,36.32062942
IN,Terre Haute,107558.33,141945,31.97025279
IN,Vincennes,99254.17,133385,34.38730081
IN,Washington,151966.67,189814.9,24.90561253
IN,Kokomo,108737.5,136950,25.94551098
IN,Seymour,142062.08,208155,46.52397037
IN,South Bend,154812.5,206095,33.12555511
IN,Bloomington,249300,292515,17.3345367
IN,Michigan City,194566.67,222041.7,14.12113904
IN,Plymouth,193004.17,246390,27.66045418
IN,Lafayette,182599,239064.9,30.92344427
IN,Decatur,111908.33,163565,46.15980776
IN,New Castle,88804.17,148475,67.19372525
IN,Wabash,101591.67,145335,43.05798891
IN,Elkhart,174708.33,226985,29.92225385
IN,Columbus,219054.17,265740,21.31245892
IN,Frankfort,116041.67,164575,41.82405338
IN,Bedford,134354.17,199850,48.74863951
IN,Indianapolis,218235.33,268460,23.01399595
IN,Auburn,155844.67,199830,28.22382697
IN,Madison,158700,223990,41.1405167
IN,Angola,242241.67,314640,29.88681922
IN,Evansville,167941.67,194749.9,15.96282209
IN,Kendallville,145625,223045,53.1639485
IN,Warsaw,225818.75,252805,11.9504027
KS,Atchison,93170.83,115675,24.15366483
KS,Coffeyville,69512.33,97920,40.86709509
KS,Emporia,122570.83,150820,23.04722094
KS,Garden City,209968.75,231960,10.47358238
KS,Great Bend,111941.67,121770,8.779867229
KS,Liberal,144902.08,149685,3.300794578
KS,McPherson,156112.5,180525,15.63776123
KS,Ottawa,161733.33,181495,12.21867503
KS,Parsons,64404.17,91835,42.59169864
KS,Pittsburg,88945.83,122715,37.96599571
KS,Winfield,86697.92,116125,33.94208304
KS,Topeka,125585.42,184630,47.01547361
KS,Salina,144095.83,126335,-12.32570714
KS,Lawrence,269000,317130.2,17.89226766
KS,Hutchinson,114479.17,122240,6.779250758
KS,Manhattan,174491.67,203722.22,16.75183119
KS,Dodge City,158101.67,189995,20.17267117
KS,Wichita,177283.33,202730,14.3536733
KS,Hays,159587.5,161360,1.110675961
KY,Bardstown,201283.33,275557,36.90006023
KY,Campbellsville,160195.83,217205,35.58717477
KY,Elizabethtown,184827.08,248895,34.66370837
KY,Frankfort,177647.92,241035,35.6812959
KY,Mount Sterling,135587.5,194600,43.5235549
KY,Somerset,166908.33,233320,39.7893083
KY,Paducah,143229.17,168875,17.9054518
KY,Glasgow,148254.17,195340,31.76020614
KY,London,149083.33,212370,42.45053421
KY,Owensboro,175520.83,211330,20.40166401
KY,Middlesborough,101325,130825,29.11423637
KY,Lexington,255122,315653.9,23.72664843
KY,Bowling Green,236254.17,277885,17.62120432
KY,Richmond,183070.83,244460,33.53301561
KY,Maysville,132250,207285,56.73724008
KY,Mayfield,138120.83,179705,30.10709536
KY,Danville,169570.83,227130,33.94402799
KY,Murray,180529.17,240590,33.26932152
KY,Madisonville,137004.17,176665,28.94862981
KY,Louisville,232374.5,247475,6.498346419
LA,Alexandria,180641.67,207585,14.91534594
LA,Fort Polk South,147700,164200,11.17129316
LA,Hammond,185860,248035,33.45259873
LA,Lafayette,207654.17,247600,19.23670977
LA,Morgan City,149035.42,171865,15.31822435
LA,Opelousas,142391.67,167805,17.84748363
LA,Houma,180116.67,232500,29.08299937
LA,Monroe,202068.75,226035,11.86044354
LA,Bogalusa,163771.5,184350,12.5653731
LA,New Orleans,241941.67,312550,29.18403018
LA,Natchitoches,196807.33,220605,12.09186162
LA,Shreveport,169304.17,200410,18.37274888
LA,Ruston,272629.17,243200,-10.79457858
LA,DeRidder,149210.42,168060.3,12.63308554
LA,Lake Charles,224483.33,214020,-4.661072161
LA,Baton Rouge,230364.42,268125,16.39167194
MA,Barnstable Town,541125,684316.67,26.46184708
MA,Boston,506041.67,682425,34.8554952
MA,Vineyard Haven,1277208.33,2383700,86.63360894
MA,Worcester,287375,409755,42.58547194
MA,Pittsfield,346562.5,398680,15.03841298
MA,Springfield,243279.17,313770,28.97528383
MD,California,298252.92,377960,26.7246604
MD,Cambridge,224508.33,267350,19.08244117
MD,Cumberland,122349.92,194905,59.30128929
MD,Easton,536950,487922.22,-9.130790576
MD,Hagerstown,206404.17,281160,36.21817815
MD,Salisbury,300941.67,411850,36.85376306
MD,Baltimore,291758.25,332210,13.86481788
ME,Bangor,157255.5,226005,43.71834371
ME,Portland,338141.67,488565,44.48529813
ME,Lewiston,179404.17,277165,54.49194966
ME,Augusta,195683.25,304610,55.66483079
MI,Alma,95579.17,151010,57.99467604
MI,Ann Arbor,361245.83,387424.9,7.246885037
MI,Bay City,103191.58,155330,50.52584717
MI,Cadillac,157591.67,183235,16.27200854
MI,Coldwater,153850.67,211680,37.58796111
MI,Escanaba,127462.5,155160,21.72992056
MI,Holland,267166.67,355105,32.91515742
MI,Ludington,182306.83,257190,41.07535082
MI,Marquette,185320.83,183650,-0.901587803
MI,Traverse City,312474.92,388765,24.41478503
MI,Kalamazoo,219033.33,261140,19.22386424
MI,Grand Rapids,243900,299910,22.96432964
MI,Detroit,203425,229670,12.90156077
MI,Hillsdale,136416.67,188779.7,38.38462704
MI,Midland,170158.33,222545,30.78701466
MI,Houghton,136025,164235,20.73883477
MI,Lansing,156869.83,182505,16.34168278
MI,Niles,264950,291995,10.20758634
MI,Alpena,113508.33,164095,44.56648248
MI,Saginaw,116617,151030,29.50941972
MI,Iron Mountain,144029.17,172338.89,19.65554616
MI,Sault Ste. Marie,134304.17,167860,24.98495021
MI,Battle Creek,132258.83,166780,26.10122137
MI,Mount Pleasant,150937.5,153675,1.813664596
MI,Muskegon,153595.83,194290,26.49431954
MI,Flint,145395.75,174185,19.80061315
MI,Adrian,159829.17,221485,38.57608095
MI,Big Rapids,155241.67,206710,33.15368226
MI,Jackson,153081.92,179945,17.5481729
MI,Sturgis,171091.67,208671.6,21.96479232
MI,Monroe,182920.83,237030,29.58064973
MN,Alexandria,267324.83,272035,1.761965022
MN,Faribault,272670.75,323525,18.65042363
MN,Minneapolis,309505.33,350965,13.39546237
MN,Red Wing,251741.67,290275,15.30669515
MN,Willmar,217812.5,226738.8,4.098157819
MN,Winona,176050,224090,27.28770236
MN,Fergus Falls,237303.67,260469.8,9.762229973
MN,Worthington,165287.5,189895,14.88769568
MN,Marshall,139187.5,152725,9.726088909
MN,Mankato,232979.17,244185,4.809799091
MN,Brainerd,271366.67,323285,19.13216903
MN,Bemidji,213725,258115,20.76968066
MN,Albert Lea,126597.92,178260,40.80800064
MN,St. Cloud,212320.25,276634.9,30.29134056
MN,Austin,136262.5,175935,29.11476011
MN,New Ulm,134765.75,174625,29.57669141
MN,Rochester,255887.5,311850,21.86996239
MN,Owatonna,195270.83,256755,31.48661272
MN,Hutchinson,185095.83,256515,38.58496974
MN,Duluth,194858.33,237430,21.84749813
MO,Kennett,92483.33,99645,7.743741494
MO,Mexico,91807.42,140665,53.21746325
MO,Moberly,107762.5,157715,46.35425125
MO,West Plains,142683.25,223195,56.42691066
MO,St. Louis,197804.08,213970,8.172692899
MO,Sedalia,113858.33,176195,54.74932752
MO,Rolla,146029.17,207865,42.34484795
MO,Farmington,141820.83,182820,28.90913133
MO,Joplin,142288.5,199693.7,40.34423021
MO,Lebanon,159683.33,221865,38.94061453
MO,Kirksville,123689.58,168980,36.61619677
MO,Columbia,237185.58,277822.5,17.13296399
MO,Marshall,117316.67,157565,34.30742622
MO,St. Joseph,132979.08,162835,22.45159163
MO,Poplar Bluff,124541.67,155325,24.71729342
MO,Maryville,139833.33,200945,43.70322154
MO,Jefferson City,169495.83,257040,51.64974855
MO,Kansas City,245945.83,273704.9,11.28666016
MO,Springfield,181862.5,291525,60.29967695
MO,Cape Girardeau,171716.67,191239.5,11.36921069
MO,Sikeston,123200,134935,9.525162338
MO,Warrensburg,182575.83,244715,34.03471862
MO,Branson,203541.25,287300,41.15074954
MO,Fort Leonard Wood,148075,196383.5,32.62434577
MO,Hannibal,153645.83,169790,10.50739223
MS,Brookhaven,171704.17,214300,24.80768522
MS,Corinth,164612.58,188035,14.22881532
MS,Oxford,282206.25,309597.4,9.706074901
MS,Starkville,242924.42,269285,10.85135039
MS,Vicksburg,144566.67,186385,28.92667445
MS,Greenville,134650,137405,2.046045303
MS,Laurel,134895.83,192425,42.64710777
MS,Greenwood,120550,124750,3.484031522
MS,Tupelo,182820.42,216565,18.45777403
MS,Grenada,135879.17,161345,18.74152602
MS,Meridian,160412.5,162665,1.404192317
MS,Natchez,176362.5,191090,8.350698136
MS,McComb,129779.42,162905,25.52452461
MS,Gulfport,175358.33,233470,33.13881354
MS,Picayune,174600,239205,37.00171821
MS,Columbus,156829.08,219409.9,39.90383671
MS,Hattiesburg,190854.17,230660,20.85667292
MS,Jackson,234595.83,237805,1.367956967
MT,Bozeman,496870.83,844595,69.98281022
MT,Butte,165287.5,291387,76.29100809
MT,Helena,306941.67,571590,86.22104975
MT,Kalispell,415541.67,783565,88.56472324
MT,Missoula,363033.33,659585,81.68717456
MT,Great Falls,216635.42,317200,46.42111618
MT,Billings,273641.67,396900,45.04369894
NC,Asheville,346754.17,459440,32.49732512
NC,Boone,346895.83,432870,24.78385802
NC,Brevard,388766.67,548950,41.20294829
NC,Burlington,205153.33,306090,49.20060035
NC,Charlotte,302145.42,388474.3,28.57196379
NC,Cullowhee,382395.83,556220,45.4566071
NC,Elizabeth City,218166.58,280995,28.79837049
NC,Fayetteville,169303.17,229860,35.76827888
NC,Greensboro,204437.5,249855,22.21583614
NC,Kill Devil Hills,422958.33,662234.9,56.57213797
NC,Kinston,120516.5,172995,43.54465986
NC,Laurinburg,140183.33,176575,25.96005531
NC,Marion,242241.67,315685,30.31820661
NC,New Bern,185420.83,279695,50.84335455
NC,Pinehurst,299294.83,391733,30.88532134
NC,Roanoke Rapids,124425,153805,23.61261804
NC,Rockingham,123429.17,156210,26.55841403
NC,Washington,243133.33,272484.9,12.07221157
NC,Wilmington,307421.17,426440,38.71523552
NC,Wilson,137412.5,215015,56.47411989
NC,Henderson,155903.75,269534.9,72.88545016
NC,Jacksonville,176272.92,253712.5,43.93163737
NC,North Wilkesboro,222216.67,179065,-19.41873668
NC,Shelby,159729.17,232275,45.41802227
NC,Albemarle,228404.17,293760,28.61411418
NC,Rocky Mount,135214.92,204575,51.29617353
NC,Durham,322666.67,408500,26.60123836
NC,Morehead City,308854.17,463705,50.13719905
NC,Raleigh,322800,422855,30.99597274
NC,Goldsboro,164966.67,219621.67,33.13093487
NC,Lumberton,115435.42,166505,44.24082314
NC,Greenville,179041.67,249740,39.48708142
NC,Mount Airy,173154.17,140907,-18.62338632
NC,Forest City,260056.5,299505,15.16920362
NC,Sanford,204597.58,298040,45.67132221
NC,Winston,205515.25,220975,7.522434467
NC,Hickory,217066.67,277380,27.78562457
ND,Bismarck,256660.42,280119.9,9.140279596
ND,Jamestown,196066.92,184455,-5.922426894
ND,Williston,248279.17,293470,18.20161957
ND,Wahpeton,175320.83,169895,-3.094800544
ND,Dickinson,239891.67,262450,9.403548693
ND,Minot,212070.83,220460,3.955834001
ND,Grand Forks,233526.25,224525,-3.854491733
ND,Fargo,249594,278560,11.60524692
NE,Fremont,179146.92,204340,14.06280387
NE,Grand Island,197339.58,245140,24.22241904
NE,Hastings,166195.75,178920,7.656182544
NE,Omaha,241808.33,261355,8.083538727
NE,Columbus,198514.58,269105,35.55931257
NE,Lincoln,254595.17,259337.5,1.86269441
NE,Lexington,163662.5,190100,16.1536699
NE,North Platte,169000,167875,-0.665680473
NE,Kearney,211016.58,247345,17.21590787
NE,Beatrice,136908.33,154145,12.58993518
NE,Scottsbluff,165904.17,201960,21.7329257
NE,Norfolk,175917,198063.7,12.58928927
NH,Lebanon,251675,376710,49.68113639
NH,Manchester,292793.75,416434.5,42.22793349
NH,Laconia,290829.17,448639.9,54.26234583
NH,Concord,277216.67,383695,38.40978611
NH,Berlin,136704.17,237000,73.36705969
NH,Keene,237425,314885,32.62503949
NJ,Atlantic City,237164.75,292300,23.24765801
NJ,Ocean City,430525,604803.6,40.48048313
NJ,Trenton,279295.83,340615,21.95491784
NJ,Vineland,145149.5,212900,46.67635782
NM,Carlsbad,207583.33,275700,32.814133
NM,Deming,126591.67,181955,43.73378596
NM,Espa-Â¦ola,228804.17,408190,78.40146882
NM,Grants,119950,242583.33,102.2370404
NM,Las Cruces,205812.25,302944.9,47.19478554
NM,Las Vegas,215683.33,398195,84.62020222
NM,Los Alamos,347695.83,497575,43.10640424
NM,Santa Fe,534191.67,690900,29.33559971
NM,Taos,379454.17,511140,34.70401445
NM,Portales,152169.42,195785,28.66251314
NM,Silver City,204775,264725,29.27603467
NM,Albuquerque,241991.67,346099.9,43.02141061
NM,Alamogordo,177045.83,245580,38.70984705
NM,Roswell,182912.5,231982.5,26.82703478
NM,Clovis,175291.67,236661.11,35.00990093
NM,Hobbs,176166.67,216200,22.7246902
NM,Farmington,207547.5,277294.5,33.60531926
NV,Carson City,350064.58,493907.5,41.09039538
NV,Fernley,290349.25,426820,47.00227399
NV,Gardnerville Ranchos,554429.17,805785.5,45.33605799
NV,Las Vegas,303864.92,461883.1,52.00277149
NV,Reno,421869.75,611170,44.87172877
NV,Winnemucca,208802.08,362295,73.51120257
NV,Pahrump,265558.75,405073.8,52.53641614
NV,Fallon,263583.33,377644,43.27309697
NV,Elko,266125.83,372290,39.89247117
NY,Auburn,156274.92,179770,15.03445339
NY,Batavia,119425,174395,46.02888842
NY,Buffalo,173333.33,212154.9,22.39706005
NY,Cortland,130979.17,175265,33.81135336
NY,Hudson,373745.83,518200,38.65037638
NY,Ithaca,247862.5,324340,30.85480861
NY,Jamestown,134262.5,154905,15.37473233
NY,New York,520808.33,631955,21.34118515
NY,Ogdensburg,111129.17,135685,22.09665563
NY,Plattsburgh,166054.17,256220,54.29904591
NY,Elmira,107278.75,138105,28.73472146
NY,Corning,133162.5,167175,25.54210082
NY,Utica,137225,179685,30.94188377
NY,Malone,140873.08,186255,32.21475672
NY,Glens Falls,229175,267799.9,16.85388895
NY,Kingston,277241.67,429671.9,54.98099546
NY,Amsterdam,137312.5,184920,34.67091488
NY,Binghamton,127986.67,166140,29.81039354
NY,Gloversville,156179.17,215360,37.89290851
NY,Syracuse,156233.33,191240,22.40665932
NY,Watertown,165500,185375,12.00906344
NY,Rochester,169922.92,189469.4,11.50314507
NY,Seneca Falls,158658.33,199495,25.73874942
NY,Oneonta,178754.17,217445,21.64471464
NY,Olean,124304.17,131355,5.672239314
NY,Albany,221729.17,285033.9,28.55047444
OH,Ashland,132883.33,192050,44.52527642
OH,Bellefontaine,156520.67,232230,48.37018012
OH,Bucyrus,80804.17,129095,59.76279442
OH,Cleveland,170425,195895,14.94499047
OH,Coshocton,110933.33,150640,35.79327331
OH,Findlay,182779.17,203370,11.26541389
OH,Fremont,120962.5,146265,20.91763976
OH,Marietta,161725,183055,13.1890555
OH,Marion,96456.25,139845,44.982829
OH,Toledo,149554.17,163730,9.478726003
OH,Urbana,141021.08,218339.9,54.8278456
OH,Van Wert,92341.67,144435,56.41367543
OH,Wapakoneta,145850,189815,30.14398354
OH,Columbus,244683.33,289749.9,18.41832462
OH,Athens,183075,177885,-2.834903728
OH,Tiffin,94591.67,152815,61.55228045
OH,Defiance,112949.58,153040,35.49408506
OH,Norwalk,129487.5,152536.2,17.79994208
OH,New Philadelphia,137675,171839.9,24.81561649
OH,Celina,162020.83,198760,22.67558437
OH,Sandusky,180816.67,213959.9,18.3297425
OH,Greenville,119179.17,179645,50.73523335
OH,Sidney,133895.75,182323,36.16787687
OH,Mount Vernon,161838.83,220097.7,35.99807908
OH,Portsmouth,114791.67,152545,32.88856238
OH,Springfield,110312.5,163197.7,47.94125779
OH,Youngstown,118806.25,139560,17.46856752
OH,Salem,112375,146860,30.68743048
OH,Jackson,122293.75,193270,58.03751214
OH,Cambridge,117366.67,160220,36.51235057
OH,Washington Court House,125575,188246.1,49.90730639
OH,Lima,122566.67,173039.7,41.18006143
OH,Mansfield,121095.83,154540,27.61793697
OH,Canton,148270.83,176395,18.96810721
OH,Chillicothe,149015.42,199086.5,33.60127428
OH,Dayton,140008.33,194055,38.60246744
OH,Zanesville,145633.33,177875,22.13893619
OH,Wooster,154058.33,226555,47.05793578
OH,Akron,156179.17,180410,15.51476423
OH,Ashtabula,116784.75,148357.5,27.03499387
OH,Wilmington,138604.17,181045,30.62016821
OH,Cincinnati,215091.67,251380,16.87109966
OK,Altus,143741.67,167380,16.4450086
OK,Durant,182100,283674.9,55.77973641
OK,Miami,87566.5,253635,189.6484386
OK,Muskogee,120845.83,175749,45.43240756
OK,Ponca City,115950,145610,25.57999138
OK,Shawnee,154804.17,194125,25.40036874
OK,Weatherford,162712.5,155270,-4.574018591
OK,Enid,154750,158740,2.578352181
OK,Tulsa,199766.5,272215.8,36.26699171
OK,Lawton,121558.33,136619.3,12.3899119
OK,Elk City,139450,153450,10.03944066
OK,Stillwater,186941.67,231339.8,23.74972364
OK,Ada,156037.5,233090,49.38075783
OK,Tahlequah,147300,235618,59.95790903
OK,Oklahoma City,220687.5,261680,18.57490796
OK,McAlester,158312.5,231459.5,46.20418476
OK,Ardmore,169370.83,236537.4,39.65651582
OK,Duncan,107104.17,146529,36.80979928
OK,Woodward,159708.33,123975,-22.37411787
OK,Bartlesville,133033.33,189040,42.09972794
OR,Albany,277774.17,396585,42.77245433
OR,Astoria,396808.33,544740,37.28038421
OR,Bend,467826.58,708410,51.42576978
OR,Brookings,413120.83,499710.9,20.95998645
OR,Corvallis,395472.92,531010,34.27215193
OR,Grants Pass,345666.67,463790,34.17261201
OR,Hood River,500666.67,728370,45.48002566
OR,Medford,386933.33,503690,30.17488051
OR,Newport,373841.67,497190,32.99480499
OR,Ontario,254487.5,392815,54.35532197
OR,Portland,447400,549864.8,22.90227984
OR,Prineville,347679.17,572780,64.74383553
OR,Eugene,334132.92,454345,35.97732304
OR,The Dalles,294962.5,380845,29.1164131
OR,Klamath Falls,225237.42,331940,47.3733805
OR,Salem,336420.83,455385,35.36171348
OR,Roseburg,273916.67,369305,34.8238499
OR,Coos Bay,259200,364299.9,40.54780093
OR,La Grande,251883.33,343615,36.41831716
OR,Hermiston,224275,315390,40.62646305
PA,Altoona,127762.5,142490,11.52724782
PA,Bradford,87425,130235,48.96768659
PA,DuBois,123758.33,143520,15.96795141
PA,Indiana,125091.67,140755,12.52148125
PA,Johnstown,78031.25,101825,30.49259111
PA,Lewisburg,235358.33,313465,33.18627813
PA,Lewistown,111408.33,150905.3,35.45243879
PA,Meadville,123787.5,152275,23.01322831
PA,Pottsville,85825,117140,36.48703758
PA,Selinsgrove,195625.33,224080,14.54549367
PA,State College,278504.17,324460,16.50094862
PA,Warren,89308.33,130713,46.36148722
PA,Williamsport,169554.17,201110,18.611061
PA,New Castle,93012.5,135120.8,45.27165704
PA,Lock Haven,148033.33,173097.5,16.93143699
PA,Chambersburg,189537.5,246169.8,29.87920596
PA,Lancaster,228668.75,289184.9,26.46454752
PA,Bloomsburg,170551.67,212615,24.66310063
PA,Philadelphia,241933.25,304265,25.76402789
PA,Sunbury,114025,113577,-0.392896295
PA,Oil City,94193.75,118919.9,26.25030854
PA,Sayre,148891.67,186190,25.05064924
PA,Huntingdon,156666.67,195264.9,24.63716756
PA,Somerset,159070.83,180449.9,13.43996885
PA,Harrisburg,181154.5,222870,23.02758143
PA,East Stroudsburg,168287.5,315265,87.33714625
PA,Pittsburgh,170412.33,206260,21.03584289
PA,Reading,172845.83,223855,29.5113686
PA,Lebanon,178255.25,234370,31.47999849
PA,York,193466.67,241099.5,24.62069048
PA,Allentown,211587.5,296440.2,40.10288888
PA,Gettysburg,220795.42,281110,27.3169525
PA,Scranton,146437.5,226575,54.72471191
PA,Erie,136016.67,166900,22.70554778
RI,Providence,320529.17,421850,31.6104865
SC,Charleston,365799,448516,22.61269167
SC,Georgetown,386195,391770,1.443571253
SC,Greenwood,181395.83,269102.9,48.35120521
SC,Hilton Head Island,399966.5,533384.5,33.35729367
SC,Myrtle Beach,234570.83,329832.7,40.61113225
SC,Newberry,199091.67,282365,41.8266269
SC,Greenville,257173.92,314321.4,22.22133566
SC,Seneca,268816.67,291654.7,8.495764046
SC,Spartanburg,190952.42,265402.5,38.98881198
SC,Columbia,205691.67,267015,29.81322968
SC,Florence,168310.92,213745,26.9941368
SC,Orangeburg,136810.42,192120,40.42790016
SC,Sumter,150020.83,229050,52.678798
SC,Gaffney,149700,200235,33.75751503
SD,Brookings,211404.17,296250,40.13441646
SD,Huron,162612.5,182715,12.36221078
SD,Rapid City,273187.5,388200,42.1002059
SD,Watertown,241804.17,286288.89,18.39700283
SD,Yankton,185325,194720,5.069472548
SD,Spearfish,333843.42,599534.4,79.58550748
SD,Vermillion,198070.83,260649.6,31.59413731
SD,Aberdeen,189318.75,210415,11.14324387
SD,Sioux Falls,232131.25,307990,32.67924935
TN,Greeneville,188294.92,261495,38.87522829
TN,Lawrenceburg,169112.5,276380,63.4296696
TN,Lewisburg,220829.17,368905,67.0544702
TN,Martin,130248.75,196835,51.12237162
TN,Memphis,195175,256470,31.40514923
TN,Nashville,327491.58,478024.9,45.96555429
TN,Shelbyville,215820.83,394605,82.83916339
TN,Tullahoma,230608.25,341205,47.95871353
TN,Newport,174650,286095,63.8104781
TN,Union City,113016.67,152805,35.20571788
TN,Johnson City,210595.83,286320,35.95710798
TN,Dyersburg,131087.5,161220,22.98655478
TN,Jackson,153254.17,222830,45.39898001
TN,Kingsport,171050,228378.5,33.5156387
TN,Knoxville,238833.33,340865,42.72086731
TN,McMinnville,169787.5,289040,70.23632482
TN,Sevierville,250816.67,640279.8,155.2780084
TN,Clarksville,180795.83,295895,63.66251368
TN,Paris,137466.67,224055,62.98859935
TN,Morristown,205179.17,300498.3,46.45653358
TN,Athens,157408.33,289159.3,83.70012565
TN,Dayton,179233.33,303145,69.13427876
TN,Chattanooga,246290.67,337996.6,37.23483719
TN,Cookeville,176391.67,318023,80.29366126
TN,Crossville,190656.25,312339.9,63.82358302
TN,Cleveland,215916.67,332640,54.05943413
TX,Alice,168025,208045,23.81788424
TX,Andrews,234879.17,242685,3.323338549
TX,Austin,361744.92,556669.9,53.88464888
TX,Bay City,219025,255083.1,16.46300651
TX,Borger,92150,123145,33.6353771
TX,Brenham,395337.83,413170,4.510615642
TX,College Station,265529.17,320040.8,20.52943185
TX,Corpus Christi,231004.33,307595.5,33.15572916
TX,Dallas,323241.08,416690,28.90997642
TX,Fredericksburg,487691.67,819695,68.0764816
TX,Gainesville,338379.17,411125,21.498318
TX,Jacksonville,232337.5,276186.6,18.87301878
TX,Kerrville,356466.67,467398.7,31.11988843
TX,Laredo,183194.58,236080,28.86844141
TX,Levelland,173666.25,201030,15.75651573
TX,Midland,324355.42,327565,0.989525626
TX,Mineral Wells,373162.5,386002.3,3.440806619
TX,Pampa,120633.33,118171.3,-2.0409202
TX,Raymondville,173858.33,631640,263.3072974
TX,Rio Grande City,126182.42,197779.3,56.74077261
TX,San Angelo,200085.42,243960,21.92792458
TX,Sherman,259700.08,325160,25.20596836
TX,Snyder,133175,157689.9,18.40803454
TX,Stephenville,257216.67,339555,32.01127283
TX,Texarkana,164658.33,227425,38.11934082
TX,Tyler,253499.92,340885,34.47144283
TX,Victoria,217620.25,246450,13.24773315
TX,Waco,203818.67,285917.5,40.28032859
TX,Odessa,228762.5,237665,3.891590623
TX,Dumas,191012.5,191130,0.061514299
TX,Brownsville,201841.67,286097.2,41.74337737
TX,Lubbock,206816.67,245652,18.77765946
TX,Sulphur Springs,190556.5,292629,53.56547796
TX,Houston,295124.5,351749,19.18664835
TX,Port Lavaca,241145.83,199675,-17.19740706
TX,Corsicana,180816.67,266095,47.16286944
TX,Athens,250099.58,338105.7,35.18843174
TX,Paris,184612.67,231095,25.17829898
TX,Abilene,188820.83,238730,26.43202553
TX,Killeen,188154.25,305199.5,62.20707212
TX,Brownwood,174345.83,216668.5,24.27512605
TX,Eagle Pass,150245.83,220448.5,46.72520362
TX,Plainview,127570.83,155165,21.63046991
TX,El Campo,197215.75,238645,21.00706967
TX,Huntsville,198118.75,288875,45.80901606
TX,Nacogdoches,197991.67,259620,31.12672872
TX,Wichita Falls,130900,195624.7,49.44591291
TX,El Paso,167333.33,239801.8,43.30785146
TX,Kingsville,151283.33,183925,21.57651474
TX,Lamesa,120870.83,171032.7,41.50039344
TX,Big Spring,158808.33,184711.3,16.31083835
TX,Beeville,156337.5,194711.8,24.54580635
TX,Del Rio,182579.17,247005,35.28651708
TX,Longview,183712.5,258002,40.4379125
TX,Beaumont,171645.83,209610,22.11773511
TX,Sweetwater,117596.92,138060,17.40103397
TX,San Antonio,262875,340870,29.66999524
TX,McAllen,186562.5,241350,29.36683417
TX,Amarillo,215086.92,245140,13.97252794
TX,Lufkin,191992.58,255272.1,32.95935708
TX,Mount Pleasant,202883.33,334539.9,64.89274895
TX,Uvalde,223270.83,352960,58.0860339
TX,Palestine,151541.67,252530,66.64063422
UT,Cedar City,250487.5,411795,64.39742502
UT,Heber,1011866.67,1163500,14.98550496
UT,Ogden,315979.17,487069.9,54.14620527
UT,Price,133533.33,211890,58.67948474
UT,Provo,353667.42,542175,53.30080447
UT,Salt Lake City,371829.17,556589.9,49.68968142
UT,St. George,369562.5,628595,70.09166244
UT,Logan,295804.08,419750,41.90135579
UT,Vernal,198662.5,244680,23.16365696
VA,Big Stone Gap,103995.58,144853.3,39.28793897
VA,Blacksburg,214929.17,280092,30.31828113
VA,Charlottesville,368975.25,435080,17.91576806
VA,Lynchburg,223241.17,272329.5,21.98892346
VA,Virginia Beach,258148.33,306739.9,18.82312003
VA,Winchester,253237.5,340310,34.38373069
VA,Staunton,231670.83,301935,30.3293125
VA,Roanoke,239220.75,278585,16.45519881
VA,Richmond,270861.25,324815,19.91933139
VA,Danville,125658.33,178900,42.37018748
VA,Martinsville,103879.17,163600,57.49066921
VA,Harrisonburg,254478.33,328041,28.9072433
VT,Barre,270558.33,331350,22.46897
VT,Burlington,285727,403845,41.33946039
VT,Rutland,213716.67,309985,45.04483904
VT,Bennington,322391.67,431624.9,33.88215024
WA,Bellingham,407629.17,608394.3,49.25190462
WA,Bremerton,384366.67,560779.9,45.89711954
WA,Centralia,270610.42,452862.5,67.34850787
WA,Ellensburg,383993.67,654250,70.38041278
WA,Kennewick,324158.25,443090.7,36.68962613
WA,Longview,290937.5,386695,32.91342642
WA,Mount Vernon,410649.33,566965,38.06548765
WA,Oak Harbor,412620.83,613515,48.68735541
WA,Olympia,336605.75,507798.9,50.85865289
WA,Port Angeles,340918.75,573640,68.26296588
WA,Seattle,503657.83,714137.5,41.79021102
WA,Shelton,278804.17,463394.5,66.20787989
WA,Wenatchee,394841.67,554225,40.36639041
WA,Othello,195637.5,333494.6,70.46558047
WA,Walla Walla,297899.83,432145,45.06386257
WA,Aberdeen,220056.25,364360,65.57584708
WA,Moses Lake,239820.83,376055,56.80664603
WA,Yakima,270408.33,379665,40.40432852
WA,Spokane,266466.58,437814,64.30353105
WA,Pullman,250725,367735,46.66866088
WI,Madison,294562.5,362295,22.99427116
WI,Baraboo,231295.83,267295,15.56412409
WI,La Crosse,236683.33,240980,1.815366549
WI,Stevens Point,203141.67,245985,21.09037009
WI,Whitewater,281194.17,301125,7.087924334
WI,Shawano,147416.67,203815,38.25776963
WI,Watertown,249675,309425,23.93111044
WI,Fond du Lac,155945.83,204869.9,31.37247722
WI,Oshkosh,208183.33,217435,4.444001352
WI,Milwaukee,245250,223720,-8.778797146
WI,Manitowoc,125545.83,170320,35.66360587
WI,Appleton,212087.5,268340,26.52325102
WI,Wisconsin Rapids,136308.33,187654,37.66876903
WI,Beaver Dam,176937.5,231815,31.01518898
WI,Platteville,151616.67,191890,26.56260027
WI,Janesville,175500,227845,29.82621083
WI,Wausau,183700,234110,27.44148068
WI,Menomonie,181383.33,230055,26.83359601
WI,Sheboygan,203625,217280,6.705954573
WI,Eau Claire,205745.42,234772.5,14.10825087
WI,Marinette,135579.17,169920,25.32898675
WI,Green Bay,219483.33,297710,35.64128082
WI,Racine,221620.83,196590,-11.29443925
WV,Bluefield,125362.5,150012.5,19.66297737
WV,Clarksburg,167275,171060,2.262740995
WV,Fairmont,140833.33,163622.5,16.18165955
WV,Parkersburg,140804.17,162475,15.39075867
WV,Weirton,92575,138505,49.61382663
WV,Charleston,136262.5,145580,6.837904779
WV,Beckley,123758.33,143345,15.82654679
WV,Point Pleasant,125541.67,164430,30.97643197
WV,Morgantown,233175,241465,3.555269647
WV,Mount Gay,109716.67,127925,16.59577346
WV,Huntington,146637.5,166640,13.64078084
WV,Elkins,158662.5,223540,40.89025447
WV,Wheeling,134766.67,146745,8.888199137
WY,Casper,249533.33,310165,24.29802464
WY,Cheyenne,278881.75,377689.5,35.42998063
WY,Jackson,825679.17,1982200,140.0690331
WY,Riverton,228891.67,362700,58.45923969
WY,Rock Springs,239229.17,236085,-1.314292066
WY,Sheridan,224446.58,439985,96.03105559
WY,Gillette,213425,312240,46.29963687
WY,Laramie,262325,341035,30.00476508
WY,Evanston,199812.5,338525,69.4213325
SD,Mitchell,,216690,
AL,Alexander City,,301820,
AL,Atmore,,169875,
AL,Eufaula,,199670,
AL,Fort Payne,,244500,
AL,Jasper,,202005,
AR,Helena,,73714.9,
AR,Hope,,142017.5,
IA,Carroll,,155365,
IA,Fort Dodge,,146905,
IA,Pella,,257220,
IN,Bluffton,,105050,
KY,Central City,,173208.9,
LA,Jennings,,173470,
MN,Fairmont,,140585,
MN,Grand Rapids,,242945,
MS,West Point,,166155,
NM,Ruidoso,,402175,
NY,Poughkeepsie,,318397,
OK,Guymon,,221900,
PA,St. Marys,,114990,
SC,Bennettsville,,138087.5,
SD,Pierre,,339187.5,
TN,Brownsville,,176985,
TX,Bonham,,333245,
TX,Hereford,,159850,
TX,Pearsall,,220946,
TX,Pecos,,189150,
TX,Vernon,,134300,
TX,Zapata,,134150,
